{"version":2.3,"armature":[{"bone":[{"transform":{"x":320,"y":1203.5,"skX":0,"scX":1,"scY":1,"skY":0},"name":"game-rank-bg.jpg"}],"name":"results-page2","skin":[{"slot":[{"display":[{"name":"game_rank_bg","type":"image","transform":{"x":-320,"pY":0,"y":-523.5,"skX":0,"scX":1,"scY":1,"pX":0,"skY":0}}],"name":"game-rank-bg.jpg","z":0,"parent":"game-rank-bg.jpg"}],"name":0}],"animation":[{"duration":10,"name":"GameResultsIntro","fadeInTime":0.1,"loop":1,"scale":1,"tweenEasing":null,"timeline":[{"offset":0,"name":"game-rank-bg.jpg","scale":1,"frame":[{"duration":9,"z":0,"transform":{"x":320,"pY":0,"y":1203.5,"skX":0,"scX":1,"scY":1,"pX":0,"skY":0}},{"duration":1,"z":0,"transform":{"x":320,"pY":0,"y":523.5,"skX":0,"scX":1,"scY":1,"pX":0,"skY":0}}]}]}]}],"name":"game-result","frameRate":24}