{"version":2.3,"armature":[{"bone":[{"name":"beardR","transform":{"x":-19.8,"scY":1,"y":-221.55,"skY":0,"skX":0,"scX":1},"parent":"head"},{"name":"beardL","transform":{"x":-14,"scY":1,"y":-217.35,"skY":0,"skX":0,"scX":1},"parent":"head"},{"name":"handR","transform":{"x":42.7,"scY":1,"y":-83.35,"skY":30,"skX":30,"scX":1},"parent":"armR"},{"name":"armR","transform":{"x":47.1,"scY":1,"y":-104.6,"skY":15,"skX":15,"scX":1},"parent":"armUpperR"},{"name":"armUpperR","transform":{"x":18.05,"scY":1,"y":-167.6,"skY":78.95,"skX":78.95,"scX":1},"parent":"body"},{"name":"legR","transform":{"x":33.4,"scY":1,"y":-80.5,"skY":15,"skX":15,"scX":1},"parent":"body"},{"name":"tail","transform":{"x":45.9,"scY":1,"y":-70.8,"skY":30,"skX":30,"scX":1},"parent":"body"},{"name":"eyeR","transform":{"x":4.1,"scY":1,"y":-263.6,"skY":0,"skX":0,"scX":1},"parent":"head"},{"name":"eyeL","transform":{"x":-42.85,"scY":1,"y":-281.45,"skY":0,"skX":0,"scX":1},"parent":"head"},{"name":"head","transform":{"x":-4.05,"scY":1,"y":-207.1,"skY":0,"skX":0,"scX":1},"parent":"body"},{"name":"hair","transform":{"x":44.4,"scY":1,"y":-252.1,"skY":0,"skX":0,"scX":1},"parent":"head"},{"transform":{"x":-16,"scY":1,"y":-144,"skY":0,"skX":0,"scX":1},"name":"clothes2"},{"transform":{"x":-15,"scY":1,"y":-143,"skY":0,"skX":0,"scX":1},"name":"clothes"},{"transform":{"x":5.9,"scY":1,"y":-126.1,"skY":0,"skX":0,"scX":1},"name":"body"},{"name":"legL","transform":{"x":-21.05,"scY":1,"y":-88.1,"skY":-36.21,"skX":-36.21,"scX":1},"parent":"body"},{"name":"handL","transform":{"x":-60,"scY":1,"y":-96.5,"skY":-90,"skX":-90,"scX":1},"parent":"armL"},{"name":"armL","transform":{"x":-44.05,"scY":1,"y":-125.75,"skY":-142.73,"skX":-142.73,"scX":1},"parent":"armUpperL"},{"name":"armUpperL","transform":{"x":-43.95,"scY":1,"y":-159.15,"skY":-60,"skX":-60,"scX":1},"parent":"body"},{"name":"tailTip","transform":{"x":169.9,"scY":1,"y":-106.15,"skY":30,"skX":30,"scX":1},"parent":"tail"}],"name":"Dragon","skin":[{"slot":[{"display":[{"name":"parts/tailTip","type":"image","transform":{"x":-23.25,"pY":0,"scY":1,"pX":0,"y":-93.05,"skY":0,"skX":0,"scX":1}}],"name":"tailTip","z":0,"parent":"tailTip"},{"display":[{"name":"parts/armUpperL","type":"image","transform":{"x":0,"pY":16,"scY":1,"pX":41,"y":0,"skY":0,"skX":0,"scX":1}}],"name":"armUpperL","z":1,"parent":"armUpperL"},{"display":[{"name":"parts/armL","type":"image","transform":{"x":-15.35,"pY":0,"scY":1,"pX":0,"y":-33,"skY":0,"skX":0,"scX":1}}],"name":"armL","z":2,"parent":"armL"},{"display":[{"name":"parts/handL","type":"image","transform":{"x":-38.9,"pY":0,"scY":1,"pX":0,"y":-28.45,"skY":0,"skX":0,"scX":1}}],"name":"handL","z":3,"parent":"handL"},{"display":[{"name":"parts/legL","type":"image","transform":{"x":-91.6,"pY":0,"scY":1,"pX":0,"y":-14.7,"skY":0,"skX":0,"scX":1}}],"name":"legL","z":4,"parent":"legL"},{"display":[{"name":"parts/body","type":"image","transform":{"x":-58.65,"pY":0,"scY":1,"pX":0,"y":-86.55,"skY":0,"skX":0,"scX":1}}],"name":"body","z":5,"parent":"body"},{"display":[{"name":"parts/clothes1","type":"image","transform":{"x":-52,"pY":0,"scY":1,"pX":0,"y":-43.3,"skY":0,"skX":0,"scX":1}}],"name":"clothes","z":6,"parent":"clothes"},{"display":[{"name":"parts/clothes4","type":"image","transform":{"x":-52,"pY":0,"scY":1,"pX":0,"y":-43.3,"skY":0,"skX":0,"scX":1}}],"name":"clothes2","z":7,"parent":"clothes2"},{"display":[{"name":"parts/hair","type":"image","transform":{"x":-31,"pY":0,"scY":1,"pX":0,"y":-70.3,"skY":0,"skX":0,"scX":1}}],"name":"hair","z":8,"parent":"hair"},{"display":[{"name":"parts/head","type":"image","transform":{"x":0,"pY":160,"scY":1,"pX":79.5,"y":0,"skY":0,"skX":0,"scX":1}}],"name":"head","z":9,"parent":"head"},{"display":[{"name":"parts/eyeL","type":"image","transform":{"x":-6.85,"pY":0,"scY":1,"pX":0,"y":-11.3,"skY":0,"skX":0,"scX":1}}],"name":"eyeL","z":10,"parent":"eyeL"},{"display":[{"name":"parts/eyeR","type":"image","transform":{"x":-9.1,"pY":15,"scY":1,"pX":8,"y":-14.4,"skY":0,"skX":0,"scX":1}}],"name":"eyeR","z":11,"parent":"eyeR"},{"display":[{"name":"parts/tail","type":"image","transform":{"x":-11.5,"pY":-63.8,"scY":1,"pX":0,"y":-176.35,"skY":0,"skX":0,"scX":1}}],"name":"tail","z":12,"parent":"tail"},{"display":[{"name":"parts/legR","type":"image","transform":{"x":-44.9,"pY":0,"scY":1,"pX":0,"y":-16.6,"skY":0,"skX":0,"scX":1}}],"name":"legR","z":13,"parent":"legR"},{"display":[{"name":"parts/armUpperR","type":"image","transform":{"x":0,"pY":28,"scY":1,"pX":12,"y":0,"skY":0,"skX":0,"scX":1}}],"name":"armUpperR","z":14,"parent":"armUpperR"},{"display":[{"name":"parts/armR","type":"image","transform":{"x":-12.3,"pY":0,"scY":1,"pX":0,"y":-12.3,"skY":0,"skX":0,"scX":1}}],"name":"armR","z":15,"parent":"armR"},{"display":[{"name":"parts/handR","type":"image","transform":{"x":-26.65,"pY":0,"scY":1,"pX":0,"y":-2.9,"skY":0,"skX":0,"scX":1}}],"name":"handR","z":16,"parent":"handR"},{"display":[{"name":"parts/beardL","type":"image","transform":{"x":-55.95,"pY":4,"scY":1,"pX":54,"y":-4.75,"skY":0,"skX":0,"scX":1}}],"name":"beardL","z":17,"parent":"beardL"},{"display":[{"name":"parts/beardR","type":"image","transform":{"x":-3.2,"pY":0,"scY":1,"pX":0,"y":-8.9,"skY":0,"skX":0,"scX":1}}],"name":"beardR","z":18,"parent":"beardR"}],"name":0}],"animation":[{"duration":7,"name":"stand","fadeInTime":0.25,"loop":0,"scale":4.29,"timeline":[{"offset":0,"name":"tailTip","scale":1,"frame":[{"duration":2,"z":0,"transform":{"x":169.9,"pY":0,"scY":1,"pX":0,"y":-106.15,"skY":30,"skX":30,"scX":1}},{"duration":3,"z":0,"transform":{"x":174.9,"pY":-0.05,"scY":1,"pX":0.05,"y":-97.15,"skY":22.31,"skX":22.31,"scX":1}},{"duration":2,"z":0,"transform":{"x":169.9,"pY":0,"scY":1,"pX":0,"y":-106.15,"skY":30,"skX":30,"scX":1}}]},{"offset":0,"name":"armUpperL","scale":1,"frame":[{"duration":7,"z":1,"transform":{"x":-43.95,"pY":0,"scY":1,"pX":0,"y":-159.15,"skY":-60,"skX":-60,"scX":1}}]},{"offset":0,"name":"armL","scale":1,"frame":[{"duration":7,"z":2,"transform":{"x":-44.05,"pY":0,"scY":1,"pX":0,"y":-125.75,"skY":-142.73,"skX":-142.73,"scX":1}}]},{"offset":0,"name":"handL","scale":1,"frame":[{"duration":7,"z":3,"transform":{"x":-60,"pY":0,"scY":1,"pX":0,"y":-96.5,"skY":-90,"skX":-90,"scX":1}}]},{"offset":0,"name":"legL","scale":1,"frame":[{"duration":7,"z":4,"transform":{"x":-21.05,"pY":0,"scY":1,"pX":0,"y":-88.1,"skY":-36.21,"skX":-36.21,"scX":1}}]},{"offset":0,"name":"body","scale":1,"frame":[{"duration":2,"z":5,"transform":{"x":5.9,"pY":0,"scY":1,"pX":0,"y":-126.1,"skY":0,"skX":0,"scX":1}},{"duration":3,"z":5,"transform":{"x":5.9,"pY":0,"scY":1,"pX":0,"y":-126.1,"skY":0,"skX":0,"scX":1}},{"duration":2,"z":5,"transform":{"x":5.9,"pY":0,"scY":1,"pX":0,"y":-126.1,"skY":0,"skX":0,"scX":1}}]},{"offset":0,"name":"clothes","scale":1,"frame":[{"duration":3,"z":6,"transform":{"x":-15,"pY":0,"scY":1,"pX":0,"y":-143,"skY":0,"skX":0,"scX":1}},{"duration":4,"z":6,"transform":{"x":-16,"pY":0,"scY":1,"pX":0,"y":-144,"skY":0,"skX":0,"scX":1}}]},{"offset":0,"name":"clothes2","scale":1,"frame":[{"duration":3,"displayIndex":-1},{"duration":4,"z":7,"transform":{"x":-16,"pY":0,"scY":1,"pX":0,"y":-144,"skY":0,"skX":0,"scX":1}}]},{"offset":0,"name":"hair","scale":1,"frame":[{"duration":3,"z":8,"transform":{"x":44.4,"pY":0,"scY":1,"pX":0,"y":-252.1,"skY":0,"skX":0,"scX":1}},{"duration":2,"z":8,"transform":{"x":45.4,"pY":0,"scY":1,"pX":0,"y":-254.1,"skY":0,"skX":0,"scX":1}},{"duration":2,"z":8,"transform":{"x":44.4,"pY":0,"scY":1,"pX":0,"y":-252.1,"skY":0,"skX":0,"scX":1}}]},{"offset":0,"name":"head","scale":1,"frame":[{"duration":7,"z":9,"transform":{"x":-4.05,"pY":0,"scY":1,"pX":0,"y":-207.1,"skY":0,"skX":0,"scX":1}}]},{"offset":0,"name":"eyeL","scale":1,"frame":[{"duration":2,"z":10,"transform":{"x":-42.85,"pY":0,"scY":1,"pX":0,"y":-281.45,"skY":0,"skX":0,"scX":1}},{"duration":3,"z":10,"transform":{"x":-42.85,"pY":0,"scY":1,"pX":0,"y":-283.45,"skY":0,"skX":0,"scX":1}},{"duration":2,"z":10,"transform":{"x":-42.85,"pY":0,"scY":1,"pX":0,"y":-281.45,"skY":0,"skX":0,"scX":1}}]},{"offset":0,"name":"eyeR","scale":1,"frame":[{"duration":2,"z":11,"transform":{"x":4.1,"pY":0,"scY":1,"pX":0,"y":-263.6,"skY":0,"skX":0,"scX":1}},{"duration":3,"z":11,"transform":{"x":4.1,"pY":0,"scY":1,"pX":0,"y":-264.6,"skY":0,"skX":0,"scX":1}},{"duration":2,"z":11,"transform":{"x":4.1,"pY":0,"scY":1,"pX":0,"y":-263.6,"skY":0,"skX":0,"scX":1}}]},{"offset":0,"name":"tail","scale":1,"frame":[{"duration":2,"z":12,"transform":{"x":45.9,"pY":0,"scY":1,"pX":0,"y":-70.8,"skY":30,"skX":30,"scX":1}},{"duration":3,"z":12,"transform":{"x":43.9,"pY":0,"scY":1,"pX":-0.05,"y":-70.8,"skY":34.95,"skX":34.95,"scX":1}},{"duration":2,"z":12,"transform":{"x":45.9,"pY":0,"scY":1,"pX":0,"y":-70.8,"skY":30,"skX":30,"scX":1}}]},{"offset":0,"name":"legR","scale":1,"frame":[{"duration":7,"z":13,"transform":{"x":33.4,"pY":0,"scY":1,"pX":0,"y":-80.5,"skY":15,"skX":15,"scX":1}}]},{"offset":0,"name":"armUpperR","scale":1,"frame":[{"duration":7,"z":14,"transform":{"x":18.05,"pY":0,"scY":1,"pX":0,"y":-167.6,"skY":78.95,"skX":78.95,"scX":1}}]},{"offset":0,"name":"armR","scale":1,"frame":[{"duration":7,"z":15,"transform":{"x":47.1,"pY":0,"scY":1,"pX":0,"y":-104.6,"skY":15,"skX":15,"scX":1}}]},{"offset":0,"name":"handR","scale":1,"frame":[{"duration":7,"z":16,"transform":{"x":42.7,"pY":0,"scY":1,"pX":0,"y":-83.35,"skY":30,"skX":30,"scX":1}}]},{"offset":0.7,"name":"beardL","scale":2,"frame":[{"duration":2,"z":17,"transform":{"x":-14,"pY":0,"scY":1,"pX":0,"y":-217.35,"skY":0,"skX":0,"scX":1}},{"duration":3,"z":17,"transform":{"x":-70.1,"pY":4.75,"scY":1,"pX":55.95,"y":-221.8,"skY":-6.47,"skX":-6.47,"scX":1}},{"duration":2,"z":17,"transform":{"x":-14,"pY":0,"scY":1,"pX":0,"y":-217.35,"skY":0,"skX":0,"scX":1}}]},{"offset":0.7,"name":"beardR","scale":2,"frame":[{"duration":2,"z":18,"transform":{"x":-19.8,"pY":0,"scY":1,"pX":0,"y":-221.55,"skY":0,"skX":0,"scX":1}},{"duration":3,"z":18,"transform":{"x":-19.8,"pY":-0.05,"scY":1,"pX":0,"y":-221.55,"skY":5.44,"skX":5.44,"scX":1}},{"duration":2,"z":18,"transform":{"x":-19.8,"pY":0,"scY":1,"pX":0,"y":-221.55,"skY":0,"skX":0,"scX":1}}]}],"tweenEasing":0},{"duration":8,"name":"walk","fadeInTime":0.208,"loop":0,"scale":2.5,"timeline":[{"offset":0,"name":"tailTip","scale":1.5,"frame":[{"duration":4,"z":0,"transform":{"x":169.9,"pY":0,"scY":1,"pX":0,"y":-106.15,"skY":30,"skX":30,"scX":1}},{"duration":4,"z":0,"transform":{"x":153.9,"pY":-0.1,"scY":1,"pX":0.1,"y":-124.35,"skY":39.23,"skX":39.23,"scX":1}}]},{"offset":0,"name":"armUpperL","scale":1,"frame":[{"duration":4,"z":1,"transform":{"x":-43.95,"pY":0,"scY":1,"pX":0,"y":-159.15,"skY":-81.2,"skX":-81.2,"scX":1}},{"duration":4,"z":1,"transform":{"x":-43.95,"pY":0,"scY":1,"pX":0,"y":-159.15,"skY":-30,"skX":-30,"scX":1}}]},{"offset":0,"name":"armL","scale":1,"frame":[{"duration":4,"z":2,"transform":{"x":-34.05,"pY":0.05,"scY":1,"pX":0.1,"y":-121.7,"skY":157.27,"skX":157.27,"scX":1}},{"duration":4,"z":2,"transform":{"x":-64.05,"pY":0.1,"scY":1,"pX":0,"y":-126.75,"skY":-74.18,"skX":-74.18,"scX":1}}]},{"offset":0,"name":"handL","scale":1,"frame":[{"duration":4,"z":3,"transform":{"x":-16.1,"pY":0,"scY":1,"pX":0.05,"y":-94,"skY":-135,"skX":-135,"scX":1}},{"duration":4,"z":3,"transform":{"x":-95.85,"pY":-0.05,"scY":1,"pX":0.05,"y":-129.1,"skY":-15,"skX":-15,"scX":1}}]},{"offset":0,"name":"legL","scale":1,"frame":[{"duration":4,"z":4,"transform":{"x":-9,"pY":0.05,"scY":1,"pX":-0.05,"y":-73.1,"skY":13.46,"skX":13.46,"scX":1}},{"duration":4,"z":4,"transform":{"x":-3.95,"pY":-0.05,"scY":1,"pX":-0.1,"y":-91.1,"skY":-55.44,"skX":-55.44,"scX":1}}]},{"offset":0,"name":"body","scale":1,"frame":[{"duration":4,"z":5,"transform":{"x":5.9,"pY":0,"scY":1,"pX":0,"y":-128.1,"skY":0,"skX":0,"scX":1}},{"duration":4,"z":5,"transform":{"x":5.9,"pY":0,"scY":1,"pX":0,"y":-127.1,"skY":0,"skX":0,"scX":1}}]},{"offset":0,"name":"clothes","scale":1,"frame":[{"duration":2,"z":6,"transform":{"x":-15,"pY":0,"scY":1,"pX":0,"y":-143,"skY":0,"skX":0,"scX":1}},{"duration":2,"z":6,"transform":{"x":-16,"pY":0,"scY":1,"pX":0,"y":-144,"skY":0,"skX":0,"scX":1}},{"duration":2,"z":6,"transform":{"x":-15,"pY":0,"scY":1,"pX":0,"y":-143,"skY":0,"skX":0,"scX":1}},{"duration":2,"z":6,"transform":{"x":-16,"pY":0,"scY":1,"pX":0,"y":-144,"skY":0,"skX":0,"scX":1}}]},{"offset":0,"name":"hair","scale":1,"frame":[{"duration":4,"z":8,"transform":{"x":44.4,"pY":0,"scY":1,"pX":0,"y":-252.1,"skY":0,"skX":0,"scX":1}},{"duration":4,"z":8,"transform":{"x":47.4,"pY":0,"scY":1,"pX":0,"y":-253.1,"skY":0,"skX":0,"scX":1}}]},{"offset":0,"name":"head","scale":1,"frame":[{"duration":4,"z":9,"transform":{"x":-4.05,"pY":0,"scY":1,"pX":0,"y":-207.1,"skY":0,"skX":0,"scX":1}},{"duration":4,"z":9,"transform":{"x":-4.05,"pY":0,"scY":1,"pX":0,"y":-207.1,"skY":2.95,"skX":2.95,"scX":1}}]},{"offset":0,"name":"eyeL","scale":1,"frame":[{"duration":4,"z":10,"transform":{"x":-42.85,"pY":0,"scY":1,"pX":0,"y":-281.45,"skY":0,"skX":0,"scX":1}},{"duration":4,"z":10,"transform":{"x":-42.85,"pY":0,"scY":1,"pX":0,"y":-281.45,"skY":0,"skX":0,"scX":1}}]},{"offset":0,"name":"eyeR","scale":1,"frame":[{"duration":4,"z":11,"transform":{"x":4.95,"pY":0,"scY":1,"pX":0,"y":-263.35,"skY":0,"skX":0,"scX":1}},{"duration":4,"z":11,"transform":{"x":4.95,"pY":0,"scY":1,"pX":0,"y":-263.35,"skY":0,"skX":0,"scX":1}}]},{"offset":0,"name":"tail","scale":1.1,"frame":[{"duration":4,"z":12,"transform":{"x":41.9,"pY":0.05,"scY":1,"pX":0,"y":-72.8,"skY":30,"skX":30,"scX":1}},{"duration":4,"z":12,"transform":{"x":39.9,"pY":0,"scY":1,"pX":-0.05,"y":-74.8,"skY":21.3,"skX":21.3,"scX":1}}]},{"offset":0,"name":"legR","scale":1,"frame":[{"duration":4,"z":13,"transform":{"x":30.4,"pY":-0.05,"scY":1,"pX":0,"y":-89.5,"skY":-15,"skX":-15,"scX":1}},{"duration":4,"z":13,"transform":{"x":31.45,"pY":0,"scY":1,"pX":0,"y":-82.5,"skY":45,"skX":45,"scX":1}}]},{"offset":0,"name":"armUpperR","scale":1,"frame":[{"duration":4,"z":14,"transform":{"x":15.05,"pY":0,"scY":1,"pX":0,"y":-162.6,"skY":124.45,"skX":124.45,"scX":1}},{"duration":4,"z":14,"transform":{"x":18.05,"pY":0,"scY":1,"pX":0,"y":-167.6,"skY":56.8,"skX":56.8,"scX":1}}]},{"offset":0,"name":"armR","scale":1,"frame":[{"duration":4,"z":15,"transform":{"x":-12.9,"pY":-0.05,"scY":1,"pX":0.1,"y":-101.6,"skY":82.22,"skX":82.22,"scX":1}},{"duration":4,"z":15,"transform":{"x":67.9,"pY":-0.05,"scY":1,"pX":0.1,"y":-121.4,"skY":-22.78,"skX":-22.78,"scX":1}}]},{"offset":0,"name":"handR","scale":1,"frame":[{"duration":4,"z":16,"transform":{"x":-36.3,"pY":-0.1,"scY":1,"pX":0.05,"y":-105.35,"skY":51.74,"skX":51.74,"scX":1}},{"duration":4,"z":16,"transform":{"x":78.55,"pY":-0.15,"scY":1,"pX":0.05,"y":-101.2,"skY":-8.26,"skX":-8.26,"scX":1}}]},{"offset":0,"name":"beardL","scale":1,"frame":[{"duration":4,"z":17,"transform":{"x":-14,"pY":0,"scY":1,"pX":0,"y":-217.35,"skY":0,"skX":0,"scX":1}},{"duration":4,"z":17,"transform":{"x":-68.95,"pY":4.75,"scY":1,"pX":55.95,"y":-225.1,"skY":8.99,"skX":8.99,"scX":1}}]},{"offset":0,"name":"beardR","scale":1,"frame":[{"duration":4,"z":18,"transform":{"x":-19.8,"pY":0,"scY":1,"pX":0,"y":-221.55,"skY":0,"skX":0,"scX":1}},{"duration":4,"z":18,"transform":{"x":-19.8,"pY":-0.05,"scY":1,"pX":0.1,"y":-221.55,"skY":-7.5,"skX":-7.5,"scX":1}}]}],"tweenEasing":0},{"duration":5,"name":"jump","fadeInTime":0.125,"loop":0,"scale":1,"timeline":[{"offset":0,"name":"tailTip","scale":1,"frame":[{"duration":2,"z":0,"transform":{"x":156.9,"pY":-0.1,"scY":1,"pX":0.05,"y":-75.35,"skY":62.68,"skX":62.68,"scX":1}},{"duration":3,"z":0,"transform":{"x":157.85,"pY":-0.15,"scY":1,"pX":0.1,"y":-71.35,"skY":71.67,"skX":71.67,"scX":1}}]},{"offset":0,"name":"armUpperL","scale":1,"frame":[{"duration":2,"z":1,"transform":{"x":-43.95,"pY":0,"scY":1,"pX":0,"y":-190.15,"skY":-45,"skX":-45,"scX":1}},{"duration":3,"z":1,"transform":{"x":-43.95,"pY":0,"scY":1,"pX":0,"y":-189.15,"skY":-45,"skX":-45,"scX":1}}]},{"offset":0,"name":"armL","scale":1,"frame":[{"duration":5,"z":2,"transform":{"x":-52,"pY":0.1,"scY":1,"pX":0,"y":-156.8,"skY":-119.18,"skX":-119.18,"scX":1}}]},{"offset":0,"name":"handL","scale":1,"frame":[{"duration":5,"z":3,"transform":{"x":-73.9,"pY":0,"scY":1,"pX":0.05,"y":-137.75,"skY":-75,"skX":-75,"scX":1}}]},{"offset":0,"name":"legL","scale":1,"frame":[{"duration":2,"z":4,"transform":{"x":12.25,"pY":0,"scY":1,"pX":0,"y":-118.05,"skY":-45.47,"skX":-45.47,"scX":1}},{"duration":3,"z":4,"transform":{"x":12.25,"pY":0,"scY":1,"pX":0,"y":-117.05,"skY":-45.47,"skX":-45.47,"scX":1}}]},{"offset":0,"name":"body","scale":1,"frame":[{"duration":5,"z":5,"transform":{"x":5.9,"pY":0,"scY":1,"pX":0,"y":-159.1,"skY":0,"skX":0,"scX":1}}]},{"offset":0,"name":"clothes","scale":1,"frame":[{"duration":2,"z":6,"transform":{"x":-14.7,"pY":0,"scY":1,"pX":0,"y":-176.15,"skY":0,"skX":0,"scX":1}},{"duration":3,"z":6,"transform":{"x":-14.7,"pY":0,"scY":1,"pX":0,"y":-175.15,"skY":0,"skX":0,"scX":1}}]},{"offset":0,"name":"hair","scale":1,"frame":[{"duration":2,"z":8,"transform":{"x":53.4,"pY":0,"scY":1,"pX":0,"y":-278.1,"skY":0,"skX":0,"scX":1}},{"duration":3,"z":8,"transform":{"x":55.4,"pY":0,"scY":1,"pX":0,"y":-276.1,"skY":0,"skX":0,"scX":1}}]},{"offset":0,"name":"head","scale":1,"frame":[{"duration":5,"z":9,"transform":{"x":-2.25,"pY":0,"scY":1,"pX":0,"y":-239.15,"skY":10,"skX":10,"scX":1}}]},{"offset":0,"name":"eyeL","scale":1,"frame":[{"duration":2,"z":10,"transform":{"x":-32.85,"pY":0,"scY":1,"pX":0,"y":-325.45,"skY":0,"skX":0,"scX":1}},{"duration":3,"z":10,"transform":{"x":-32.35,"pY":0,"scY":1,"pX":0,"y":-325.95,"skY":0,"skX":0,"scX":1}}]},{"offset":0,"name":"eyeR","scale":1,"frame":[{"duration":2,"z":11,"transform":{"x":14.95,"pY":0,"scY":1,"pX":0,"y":-300.35,"skY":0,"skX":0,"scX":1}},{"duration":3,"z":11,"transform":{"x":15.95,"pY":0,"scY":1,"pX":0,"y":-301.35,"skY":0,"skX":0,"scX":1}}]},{"offset":0,"name":"tail","scale":1,"frame":[{"duration":2,"z":12,"transform":{"x":33.9,"pY":-0.1,"scY":1,"pX":0,"y":-108.8,"skY":59.79,"skX":59.79,"scX":1}},{"duration":3,"z":12,"transform":{"x":33.9,"pY":-0.1,"scY":1,"pX":0,"y":-108.8,"skY":62.76,"skX":62.76,"scX":1}}]},{"offset":0,"name":"legR","scale":1,"frame":[{"duration":2,"z":13,"transform":{"x":41.45,"pY":0.05,"scY":1,"pX":0,"y":-107.5,"skY":-12.69,"skX":-12.69,"scX":1}},{"duration":3,"z":13,"transform":{"x":41.45,"pY":0.05,"scY":1,"pX":0,"y":-106.5,"skY":-12.69,"skX":-12.69,"scX":1}}]},{"offset":0,"name":"armUpperR","scale":1,"frame":[{"duration":2,"z":14,"transform":{"x":18.05,"pY":0,"scY":1,"pX":0,"y":-195.6,"skY":54.3,"skX":54.3,"scX":1}},{"duration":3,"z":14,"transform":{"x":18.05,"pY":0,"scY":1,"pX":0,"y":-194.6,"skY":54.3,"skX":54.3,"scX":1}}]},{"offset":0,"name":"armR","scale":1,"frame":[{"duration":5,"z":15,"transform":{"x":67.9,"pY":-0.05,"scY":1,"pX":0.1,"y":-153.4,"skY":-22.78,"skX":-22.78,"scX":1}}]},{"offset":0,"name":"handR","scale":1,"frame":[{"duration":5,"z":16,"transform":{"x":78.55,"pY":-0.2,"scY":1,"pX":0,"y":-133.2,"skY":-8.26,"skX":-8.26,"scX":1}}]},{"offset":0,"name":"beardL","scale":1,"frame":[{"duration":2,"z":17,"transform":{"x":-63.8,"pY":4.75,"scY":1,"pX":55.95,"y":-263.7,"skY":-40.29,"skX":-40.29,"scX":1}},{"duration":3,"z":17,"transform":{"x":-63.8,"pY":4.75,"scY":1,"pX":55.95,"y":-263.7,"skY":-46.79,"skX":-46.79,"scX":1}}]},{"offset":0,"name":"beardR","scale":1,"frame":[{"duration":2,"z":18,"transform":{"x":-19.85,"pY":-0.05,"scY":1,"pX":0.1,"y":-253.5,"skY":52.5,"skX":52.5,"scX":1}},{"duration":3,"z":18,"transform":{"x":-19.8,"pY":-0.05,"scY":1,"pX":0.05,"y":-253.45,"skY":60.23,"skX":60.23,"scX":1}}]}],"tweenEasing":null},{"duration":5,"name":"fall","fadeInTime":0.25,"loop":0,"scale":1,"timeline":[{"offset":0,"name":"tailTip","scale":1,"frame":[{"duration":2,"z":0,"transform":{"x":151.85,"pY":-0.2,"scY":1,"pX":0.1,"y":-179.95,"skY":11.67,"skX":11.67,"scX":1}},{"duration":3,"z":0,"transform":{"x":145.85,"pY":-0.25,"scY":1,"pX":0.05,"y":-185.85,"skY":6.73,"skX":6.73,"scX":1}}]},{"offset":0,"name":"armUpperL","scale":1,"frame":[{"duration":2,"z":1,"transform":{"x":-43.95,"pY":0,"scY":1,"pX":0,"y":-190.15,"skY":32.45,"skX":32.45,"scX":1}},{"duration":3,"z":1,"transform":{"x":-43.95,"pY":0,"scY":1,"pX":0,"y":-191.15,"skY":32.45,"skX":32.45,"scX":1}}]},{"offset":0,"name":"armL","scale":1,"frame":[{"duration":5,"z":2,"transform":{"x":-74.55,"pY":0.1,"scY":1,"pX":0,"y":-193,"skY":-104.18,"skX":-104.18,"scX":1}}]},{"offset":0,"name":"handL","scale":1,"frame":[{"duration":5,"z":3,"transform":{"x":-104.1,"pY":0.05,"scY":1,"pX":0,"y":-178.5,"skY":-30,"skX":-30,"scX":1}}]},{"offset":0,"name":"legL","scale":1,"frame":[{"duration":2,"z":4,"transform":{"x":-9.75,"pY":0,"scY":1,"pX":0.1,"y":-117.15,"skY":14.52,"skX":14.52,"scX":1}},{"duration":3,"z":4,"transform":{"x":-9.75,"pY":0.05,"scY":1,"pX":0.1,"y":-118.15,"skY":14.52,"skX":14.52,"scX":1}}]},{"offset":0,"name":"body","scale":1,"frame":[{"duration":5,"z":5,"transform":{"x":5.9,"pY":0,"scY":1,"pX":0,"y":-159.1,"skY":0,"skX":0,"scX":1}}]},{"offset":0,"name":"clothes","scale":1,"frame":[{"duration":2,"z":6,"transform":{"x":-15,"pY":0,"scY":1,"pX":0,"y":-180,"skY":0,"skX":0,"scX":1}},{"duration":3,"z":6,"transform":{"x":-15,"pY":0,"scY":1,"pX":0,"y":-181,"skY":0,"skX":0,"scX":1}}]},{"offset":0,"name":"hair","scale":1,"frame":[{"duration":2,"z":8,"transform":{"x":43.35,"pY":0,"scY":1,"pX":0.05,"y":-290.1,"skY":-15,"skX":-15,"scX":1}},{"duration":3,"z":8,"transform":{"x":39.4,"pY":0,"scY":1,"pX":0,"y":-293.05,"skY":-15.82,"skX":-15.82,"scX":1}}]},{"offset":0,"name":"head","scale":1,"frame":[{"duration":5,"z":9,"transform":{"x":1.45,"pY":0,"scY":1,"pX":0,"y":-241.8,"skY":-8.73,"skX":-8.73,"scX":1}}]},{"offset":0,"name":"eyeL","scale":1,"frame":[{"duration":2,"z":10,"transform":{"x":-49.35,"pY":0,"scY":1,"pX":0,"y":-301.95,"skY":0,"skX":0,"scX":1}},{"duration":3,"z":10,"transform":{"x":-49.35,"pY":0,"scY":1,"pX":0,"y":-300.95,"skY":0,"skX":0,"scX":1}}]},{"offset":0,"name":"eyeR","scale":1,"frame":[{"duration":2,"z":11,"transform":{"x":-13.15,"pY":14.4,"scY":1,"pX":9.1,"y":-304.75,"skY":0,"skX":0,"scX":1}},{"duration":3,"z":11,"transform":{"x":-13.15,"pY":14.4,"scY":1,"pX":9.1,"y":-303.75,"skY":0,"skX":0,"scX":1}}]},{"offset":0,"name":"tail","scale":1,"frame":[{"duration":2,"z":12,"transform":{"x":43.95,"pY":0.05,"scY":1,"pX":0,"y":-106.85,"skY":11.53,"skX":11.53,"scX":1}},{"duration":3,"z":12,"transform":{"x":43.95,"pY":0,"scY":1,"pX":0,"y":-106.85,"skY":7.56,"skX":7.56,"scX":1}}]},{"offset":0,"name":"legR","scale":1,"frame":[{"duration":2,"z":13,"transform":{"x":42.45,"pY":0,"scY":1,"pX":0,"y":-108.5,"skY":42.76,"skX":42.76,"scX":1}},{"duration":3,"z":13,"transform":{"x":42.45,"pY":0,"scY":1,"pX":0.05,"y":-109.5,"skY":42.76,"skX":42.76,"scX":1}}]},{"offset":0,"name":"armUpperR","scale":1,"frame":[{"duration":2,"z":14,"transform":{"x":18.05,"pY":0,"scY":1,"pX":0,"y":-195.6,"skY":9.31,"skX":9.31,"scX":1}},{"duration":3,"z":14,"transform":{"x":18.05,"pY":0,"scY":1,"pX":0,"y":-196.6,"skY":9.31,"skX":9.31,"scX":1}}]},{"offset":0,"name":"armR","scale":1,"frame":[{"duration":5,"z":15,"transform":{"x":81.95,"pY":-0.1,"scY":1,"pX":0.1,"y":-203.4,"skY":-67.78,"skX":-67.78,"scX":1}}]},{"offset":0,"name":"handR","scale":1,"frame":[{"duration":5,"z":16,"transform":{"x":101.1,"pY":-0.2,"scY":1,"pX":0,"y":-194.8,"skY":-23.26,"skX":-23.26,"scX":1}}]},{"offset":0,"name":"beardL","scale":1,"frame":[{"duration":2,"z":17,"transform":{"x":-64.85,"pY":4.75,"scY":1,"pX":55.95,"y":-246.25,"skY":-11.27,"skX":-11.27,"scX":1}},{"duration":3,"z":17,"transform":{"x":-64.85,"pY":4.75,"scY":1,"pX":55.95,"y":-246.25,"skY":-2.57,"skX":-2.57,"scX":1}}]},{"offset":0,"name":"beardR","scale":1,"frame":[{"duration":2,"z":18,"transform":{"x":-19.8,"pY":0,"scY":1,"pX":0.05,"y":-250.5,"skY":0.23,"skX":0.23,"scX":1}},{"duration":3,"z":18,"transform":{"x":-19.8,"pY":0.05,"scY":1,"pX":0.15,"y":-250.5,"skY":-14.77,"skX":-14.77,"scX":1}}]}],"tweenEasing":null}]},{"bone":[{"transform":{"x":52,"scY":1,"y":43.3,"skY":0,"skX":0,"scX":1},"name":"clothes4"},{"transform":{"x":52,"scY":1,"y":43.3,"skY":0,"skX":0,"scX":1},"name":"clothes3"},{"transform":{"x":51.95,"scY":1,"y":43.3,"skY":0,"skX":0,"scX":1},"name":"clothes2"},{"transform":{"x":52,"scY":1,"y":43.3,"skY":0,"skX":0,"scX":1},"name":"clothes1"}],"name":"clothTextureTemp","skin":[{"slot":[{"display":[{"name":"parts/clothes1","type":"image","transform":{"x":-52,"pY":0,"scY":1,"pX":0,"y":-43.3,"skY":0,"skX":0,"scX":1}}],"name":"clothes1","z":0,"parent":"clothes1"},{"display":[{"name":"parts/clothes2","type":"image","transform":{"x":-51.95,"pY":0,"scY":1,"pX":0,"y":-43.3,"skY":0,"skX":0,"scX":1}}],"name":"clothes2","z":1,"parent":"clothes2"},{"display":[{"name":"parts/clothes3","type":"image","transform":{"x":-52,"pY":0,"scY":1,"pX":0,"y":-43.3,"skY":0,"skX":0,"scX":1}}],"name":"clothes3","z":2,"parent":"clothes3"},{"display":[{"name":"parts/clothes4","type":"image","transform":{"x":-52,"pY":0,"scY":1,"pX":0,"y":-43.3,"skY":0,"skX":0,"scX":1}}],"name":"clothes4","z":3,"parent":"clothes4"}],"name":0}],"animation":[{"duration":1,"name":"temp","fadeInTime":0.3,"loop":1,"scale":1,"timeline":[{"offset":0,"name":"clothes1","scale":1,"frame":[{"duration":1,"z":0,"transform":{"x":52,"pY":0,"scY":1,"pX":0,"y":43.3,"skY":0,"skX":0,"scX":1}}]},{"offset":0,"name":"clothes2","scale":1,"frame":[{"duration":1,"z":1,"transform":{"x":51.95,"pY":0,"scY":1,"pX":0,"y":43.3,"skY":0,"skX":0,"scX":1}}]},{"offset":0,"name":"clothes3","scale":1,"frame":[{"duration":1,"z":2,"transform":{"x":52,"pY":0,"scY":1,"pX":0,"y":43.3,"skY":0,"skX":0,"scX":1}}]},{"offset":0,"name":"clothes4","scale":1,"frame":[{"duration":1,"z":3,"transform":{"x":52,"pY":0,"scY":1,"pX":0,"y":43.3,"skY":0,"skX":0,"scX":1}}]}],"tweenEasing":null}]}],"name":"Dragon","frameRate":24}