{"name":"Dragon","imagePath":"texture.png","SubTexture":[{"name":"parts/clothes3","x":170,"width":104,"y":175,"height":87},{"name":"parts/clothes2","x":276,"width":104,"y":228,"height":87},{"name":"parts/beardR","x":57,"width":68,"y":304,"height":18},{"name":"parts/beardL","x":126,"width":60,"y":311,"height":18},{"name":"parts/handR","x":462,"width":49,"y":157,"height":29},{"name":"parts/armR","x":487,"width":23,"y":187,"height":39},{"name":"parts/armUpperR","x":163,"width":80,"y":263,"height":47},{"name":"parts/legR","x":398,"width":90,"y":0,"height":116},{"name":"parts/tail","x":289,"width":108,"y":0,"height":139},{"name":"parts/eyeR","x":489,"width":19,"y":0,"height":29},{"name":"parts/eyeL","x":489,"width":14,"y":30,"height":23},{"name":"parts/head","x":0,"width":169,"y":0,"height":197},{"name":"parts/hair","x":398,"width":62,"y":117,"height":141},{"name":"parts/clothes4","x":0,"width":104,"y":198,"height":87},{"name":"parts/clothes1","x":289,"width":104,"y":140,"height":87},{"name":"parts/body","x":170,"width":118,"y":0,"height":174},{"name":"parts/legL","x":381,"width":102,"y":259,"height":90},{"name":"parts/handL","x":462,"width":48,"y":117,"height":39},{"name":"parts/armL","x":462,"width":24,"y":187,"height":40},{"name":"parts/armUpperL","x":0,"width":56,"y":286,"height":43},{"name":"parts/tailTip","x":106,"width":56,"y":198,"height":105}]}